RequestorODS,From,To,count
A81007,"2019-09-22","2019-09-28",7
A81040,"2019-06-30","2019-07-06",7
A81058,"2019-06-30","2019-07-06",7
A81063,"2019-04-06","2019-06-29",78
A81066,"2019-06-30","2019-07-06",7
A81602,"2019-04-13","2019-07-13",85
A81610,"2019-04-06","2019-07-06",92
A82009,"2019-04-21","2019-05-04",14
A82010,"2019-05-19","2019-06-01",14
A82015,"2019-07-28","2019-08-24",14
A82016,"2019-08-18","2019-08-24",7
A82019,"2019-04-01","2019-04-06",6
A82024,"2019-09-08","2019-09-28",21
A82028,"2019-04-21","2019-05-04",14
A82033,"2019-04-21","2019-05-04",14
A82053,"2019-04-21","2019-05-04",14
A82055,"2019-04-21","2019-05-04",14
A82062,"2019-06-30","2019-07-06",7
A82064,"2019-04-01","2019-04-06",6
A82065,"2019-04-21","2019-05-04",14
A82070,"2019-04-21","2019-05-04",14
A82072,"2019-06-30","2019-07-06",7
A82613,"2019-05-19","2019-06-01",14
A82629,"2019-04-21","2019-05-04",14
A83014,"2019-04-01","2019-05-18",48
A83024,"2019-04-01","2019-04-06",6
A83036,"2019-06-30","2019-07-06",7
A83041,"2019-06-30","2019-09-30",52
A83049,"2019-05-25","2019-08-17",85
A83050,"2019-04-01","2019-05-11",41
A83075,"2019-08-17","2019-09-30",45
A83632,"2019-04-01","2019-06-01",62
A84009,"2019-09-22","2019-09-28",7
A84011,"2019-09-22","2019-09-28",7
A84024,"2019-09-08","2019-09-28",21
A84037,"2019-04-01","2019-06-01",62
A84039,"2019-04-01","2019-04-27",27
A85001,"2019-04-01","2019-04-06",6
A85003,"2019-09-08","2019-09-28",21
A85007,"2019-06-30","2019-07-06",7
A85008,"2019-06-30","2019-07-06",7
A85010,"2019-08-18","2019-08-24",7
A85013,"2019-09-08","2019-09-28",21
A85015,"2019-04-21","2019-05-04",14
A85016,"2019-09-08","2019-09-28",21
A85020,"2019-04-01","2019-04-06",6
A85021,"2019-09-08","2019-09-28",21
A85024,"2019-07-28","2019-08-03",7
A85611,"2019-09-22","2019-09-28",7
A86003,"2019-05-26","2019-06-08",14
A86007,"2019-07-28","2019-08-24",14
A86017,"2019-07-28","2019-08-24",14
A86021,"2019-05-19","2019-06-01",14
A86022,"2019-04-21","2019-05-04",14
A86029,"2019-04-21","2019-05-04",14
A86040,"2019-05-19","2019-06-01",14
A86601,"2019-07-28","2019-08-24",14
A87003,"2019-04-21","2019-05-04",14
A87015,"2019-09-22","2019-09-28",7
A87016,"2019-09-08","2019-09-28",21
A87027,"2019-06-29","2019-07-19",21
A87030,"2019-06-30","2019-07-06",7
A87615,"2019-04-21","2019-05-04",14
A88002,"2019-06-30","2019-07-06",7
A88006,"2019-04-01","2019-04-06",6
A88013,"2019-09-22","2019-09-28",7
A88014,"2019-04-01","2019-04-06",6
A88023,"2019-09-08","2019-09-28",21
A88608,"2019-04-21","2019-05-04",14
A89002,"2019-04-21","2019-05-04",14
A89024,"2019-05-26","2019-06-01",7
A89025,"2019-05-26","2019-06-01",7
A89027,"2019-04-01","2019-04-06",6
A89031,"2019-09-22","2019-09-28",7
A89036,"2019-05-26","2019-06-01",7
A89041,"2019-09-08","2019-09-28",21
A89603,"2019-05-19","2019-06-01",14
A89623,"2019-07-28","2019-08-24",14
B81004,"2019-09-08","2019-09-28",21
B81016,"2019-07-28","2019-08-24",14
B81025,"2019-04-26","2019-09-28",29
B81027,"2019-05-18","2019-09-30",136
B81037,"2019-05-26","2019-06-08",14
B81051,"2019-04-01","2019-04-06",6
B81062,"2019-05-26","2019-06-08",14
B81077,"2019-04-21","2019-05-04",14
B81082,"2019-05-26","2019-06-08",14
B81091,"2019-04-21","2019-05-04",14
B81617,"2019-04-01","2019-04-20",20
B81619,"2019-09-08","2019-09-28",21
B81628,"2019-05-26","2019-06-08",14
B82002,"2019-08-18","2019-08-24",7
B82019,"2019-05-26","2019-06-01",7
B82021,"2019-06-30","2019-07-06",7
B82033,"2019-09-22","2019-09-28",7
B82035,"2019-04-01","2019-06-15",76
B82041,"2019-05-26","2019-06-08",14
B82047,"2019-07-28","2019-08-24",14
B82050,"2019-04-01","2019-09-30",183
B82064,"2019-05-26","2019-06-08",14
B82066,"2019-04-06","2019-07-06",92
B82079,"2019-04-21","2019-05-04",14
B82080,"2019-05-26","2019-06-08",14
B82082,"2019-07-28","2019-08-24",14
B82098,"2019-06-30","2019-07-06",7
B84001,"2019-06-30","2019-09-30",93
B85060,"2019-06-22","2019-09-07",78
B85660,"2019-07-28","2019-08-03",7
B86008,"2019-05-19","2019-06-01",14
B86035,"2019-06-01","2019-08-31",92
B86039,"2019-08-24","2019-09-30",38
B86065,"2019-05-19","2019-06-01",14
B86067,"2019-06-23","2019-09-30",100
B86068,"2019-05-19","2019-06-01",14
B86110,"2019-05-19","2019-06-08",21
B86658,"2019-04-06","2019-09-28",176
B87016,"2019-05-19","2019-06-01",14
B87032,"2019-07-28","2019-08-24",14
C81016,"2019-04-21","2019-05-04",14
C81029,"2019-09-14","2019-09-30",17
C81034,"2019-09-22","2019-09-28",7
C81036,"2019-09-28","2019-09-30",3
C81065,"2019-07-28","2019-08-24",14
C81074,"2019-09-22","2019-09-28",7
C81081,"2019-05-26","2019-06-08",14
C81118,"2019-05-26","2019-06-08",14
C81615,"2019-05-26","2019-06-08",14
C81652,"2019-08-10","2019-09-30",52
C81660,"2019-05-26","2019-06-08",14
C82012,"2019-04-01","2019-05-18",48
C82013,"2019-05-25","2019-08-17",85
C82034,"2019-04-21","2019-05-04",14
C82038,"2019-04-01","2019-09-30",169
C82070,"2019-04-01","2019-06-08",69
C82071,"2019-05-18","2019-08-17",92
C82095,"2019-04-01","2019-05-18",34
C82109,"2019-09-22","2019-09-28",7
C82644,"2019-04-27","2019-07-27",92
C83035,"2019-05-11","2019-08-17",99
C83038,"2019-05-19","2019-06-01",14
C83044,"2019-09-22","2019-09-28",7
C83048,"2019-07-13","2019-09-30",80
C83053,"2019-04-21","2019-05-04",14
C83054,"2019-04-21","2019-05-04",14
C83063,"2019-05-19","2019-06-01",14
C83614,"2019-08-18","2019-08-24",7
C83631,"2019-04-01","2019-09-30",183
C83653,"2019-07-28","2019-08-03",7
C84011,"2019-05-19","2019-06-01",14
C84044,"2019-09-22","2019-09-28",7
C84047,"2019-06-15","2019-09-07",85
C84080,"2019-05-26","2019-06-08",14
C84085,"2019-05-26","2019-06-08",14
C84092,"2019-04-01","2019-05-18",48
C84107,"2019-09-22","2019-09-28",7
C84120,"2019-08-03","2019-09-30",59
C84144,"2019-05-18","2019-08-17",85
C84692,"2019-09-08","2019-09-28",21
C85004,"2019-09-22","2019-09-28",7
C85006,"2019-05-26","2019-06-01",7
C85007,"2019-04-21","2019-05-04",14
C85622,"2019-04-21","2019-05-04",14
C86006,"2019-08-18","2019-08-24",7
C86022,"2019-04-21","2019-05-04",14
C86033,"2019-06-30","2019-07-06",7
C86034,"2019-09-22","2019-09-28",7
C86626,"2019-07-28","2019-08-24",14
C87003,"2019-04-13","2019-07-13",92
C87016,"2019-04-21","2019-05-04",14
C87017,"2019-07-28","2019-08-03",7
C88019,"2019-04-21","2019-05-04",14
C88028,"2019-08-18","2019-08-24",7
C88032,"2019-05-26","2019-06-08",14
C88033,"2019-07-28","2019-08-24",14
C88088,"2019-04-01","2019-04-06",6
C88091,"2019-05-19","2019-06-01",14
D81004,"2019-09-22","2019-09-28",7
D81028,"2019-05-26","2019-06-08",14
D81030,"2019-09-14","2019-09-30",10
D81062,"2019-04-01","2019-04-27",27
D81081,"2019-08-03","2019-09-30",59
D82028,"2019-05-26","2019-06-08",14
D82037,"2019-04-21","2019-05-04",14
D82057,"2019-09-22","2019-09-28",7
D82062,"2019-05-26","2019-06-01",7
D82067,"2019-04-01","2019-04-20",20
D82615,"2019-09-08","2019-09-28",21
D83002,"2019-04-06","2019-06-29",85
D83009,"2019-07-13","2019-09-30",80
D83010,"2019-09-14","2019-09-30",17
D83016,"2019-06-01","2019-09-07",99
D83018,"2019-05-26","2019-06-08",14
D83019,"2019-07-06","2019-09-30",87
D83035,"2019-08-24","2019-09-30",38
D83040,"2019-04-21","2019-09-30",45
D83047,"2019-05-11","2019-07-27",78
D83069,"2019-06-30","2019-07-06",7
D83608,"2019-07-28","2019-09-30",64
E82001,"2019-04-21","2019-05-04",14
E82002,"2019-05-19","2019-06-08",21
E82004,"2019-08-18","2019-08-24",7
E82020,"2019-05-26","2019-06-01",7
E82021,"2019-08-18","2019-08-24",7
E82049,"2019-06-30","2019-07-06",7
E82050,"2019-07-28","2019-08-03",7
E82051,"2019-05-19","2019-06-01",14
E82064,"2019-05-26","2019-06-08",14
E82066,"2019-09-08","2019-09-28",21
E82069,"2019-07-28","2019-08-03",7
E82074,"2019-04-01","2019-09-30",169
E82083,"2019-07-26","2019-07-26",1
E82098,"2019-07-28","2019-08-24",14
E82104,"2019-04-01","2019-04-20",20
E82644,"2019-06-30","2019-07-06",7
E82661,"2019-05-25","2019-08-10",78
E83008,"2019-07-28","2019-08-24",14
E83020,"2019-05-26","2019-06-08",14
E83021,"2019-04-21","2019-05-04",14
E83025,"2019-09-08","2019-09-28",21
E83027,"2019-04-21","2019-05-04",14
E83049,"2019-07-28","2019-08-24",14
E83639,"2019-08-18","2019-08-24",7
E83657,"2019-05-26","2019-06-08",14
E84006,"2019-09-08","2019-09-28",21
E84008,"2019-09-22","2019-09-28",7
E84012,"2019-07-28","2019-08-24",14
E84015,"2019-05-19","2019-06-01",14
E84023,"2019-08-18","2019-08-24",7
E84030,"2019-08-18","2019-08-24",7
E84033,"2019-09-22","2019-09-28",7
E84042,"2019-07-28","2019-08-24",14
E84044,"2019-07-28","2019-08-24",14
E84049,"2019-08-18","2019-08-24",7
E84053,"2019-07-28","2019-08-24",14
E84061,"2019-04-21","2019-05-04",14
E84063,"2019-09-08","2019-09-28",21
E84068,"2019-07-28","2019-08-24",14
E84074,"2019-08-18","2019-08-24",7
E84075,"2019-09-08","2019-09-28",21
E84078,"2019-04-21","2019-05-04",14
E84080,"2019-05-26","2019-06-01",7
E84601,"2019-07-28","2019-08-24",14
E84647,"2019-07-28","2019-08-24",14
E84653,"2019-09-08","2019-09-28",21
E84663,"2019-07-28","2019-08-24",14
E84676,"2019-07-28","2019-08-24",14
E84709,"2019-05-26","2019-06-08",14
E85021,"2019-05-11","2019-08-17",92
E86006,"2019-09-22","2019-09-28",7
E86007,"2019-05-26","2019-06-08",14
E86014,"2019-07-28","2019-08-24",14
E86016,"2019-09-08","2019-09-28",21
E86020,"2019-05-19","2019-06-01",14
E86034,"2019-08-18","2019-08-24",7
E86036,"2019-06-30","2019-07-06",7
E86609,"2019-04-21","2019-05-04",14
E86622,"2019-07-28","2019-08-24",14
E86625,"2019-09-08","2019-09-28",21
E86629,"2019-07-28","2019-08-03",7
F81009,"2019-07-28","2019-08-24",14
F81042,"2019-09-22","2019-09-28",7
F81091,"2019-07-28","2019-08-24",14
F81112,"2019-06-01","2019-09-07",99
F81132,"2019-06-30","2019-07-06",7
F81213,"2019-06-30","2019-07-06",7
F81738,"2019-05-11","2019-07-05",56
F82008,"2019-07-28","2019-08-24",14
F82045,"2019-08-18","2019-08-24",7
F82614,"2019-05-26","2019-06-08",14
F83007,"2019-04-21","2019-05-04",14
F83652,"2019-07-28","2019-08-03",7
F83683,"2019-08-18","2019-08-24",7
F84006,"2019-09-22","2019-09-28",7
F84008,"2019-09-08","2019-09-28",21
F84012,"2019-09-22","2019-09-28",7
F84014,"2019-04-21","2019-05-04",14
F84015,"2019-04-01","2019-04-06",6
F84025,"2019-04-21","2019-05-04",14
F84041,"2019-07-28","2019-08-03",7
F84051,"2019-05-19","2019-06-01",14
F84054,"2019-04-21","2019-05-04",14
F84080,"2019-06-30","2019-07-06",7
F84111,"2019-06-30","2019-07-06",7
F84115,"2019-07-28","2019-08-03",7
F84121,"2019-04-21","2019-05-04",14
F84124,"2019-04-21","2019-05-04",14
F84647,"2019-07-28","2019-08-03",7
F84657,"2019-05-19","2019-06-01",14
F84658,"2019-06-30","2019-07-06",7
F84660,"2019-04-21","2019-05-04",14
F84670,"2019-04-21","2019-05-04",14
F84681,"2019-09-22","2019-09-28",7
F84685,"2019-07-28","2019-08-24",14
F84692,"2019-06-30","2019-07-06",7
F84694,"2019-05-26","2019-06-08",14
F84710,"2019-09-22","2019-09-28",7
F84724,"2019-09-22","2019-09-28",7
F84735,"2019-04-21","2019-05-04",14
F84747,"2019-05-19","2019-06-01",14
F85007,"2019-09-22","2019-09-28",7
F85010,"2019-05-19","2019-06-01",14
F85019,"2019-07-28","2019-08-24",14
F85028,"2019-04-21","2019-05-04",14
F85029,"2019-05-19","2019-06-01",14
F85064,"2019-09-08","2019-09-28",21
F85650,"2019-04-21","2019-05-04",14
F85666,"2019-05-19","2019-06-01",14
F85678,"2019-05-19","2019-06-01",14
F86005,"2019-09-22","2019-09-28",7
F86036,"2019-07-28","2019-08-24",14
F86040,"2019-07-28","2019-08-24",14
F86066,"2019-06-30","2019-07-06",7
F86612,"2019-07-28","2019-08-24",14
F86624,"2019-05-26","2019-06-01",7
F86626,"2019-05-26","2019-06-01",7
F86627,"2019-09-22","2019-09-28",7
F86664,"2019-06-30","2019-07-06",7
F86666,"2019-08-18","2019-08-24",7
F86679,"2019-07-28","2019-08-24",14
F86689,"2019-07-28","2019-08-24",14
F86691,"2019-07-28","2019-08-24",14
F86708,"2019-07-28","2019-08-24",14
G81006,"2019-06-30","2019-07-06",7
G81023,"2019-07-28","2019-08-24",14
G81026,"2019-06-30","2019-07-06",7
G81041,"2019-09-22","2019-09-28",7
G81052,"2019-08-18","2019-08-24",7
G81054,"2019-05-26","2019-06-08",14
G81087,"2019-06-30","2019-07-06",7
G81105,"2019-05-19","2019-06-01",14
G81658,"2019-05-26","2019-06-08",14
G82018,"2019-08-18","2019-08-24",7
G82023,"2019-05-26","2019-06-08",14
G82041,"2019-07-28","2019-08-24",14
G82069,"2019-07-28","2019-08-24",14
G82074,"2019-09-08","2019-09-28",21
G82079,"2019-05-19","2019-06-01",14
G82091,"2019-08-02","2019-08-24",9
G82093,"2019-04-21","2019-05-04",14
G82111,"2019-09-22","2019-09-28",7
G82114,"2019-07-28","2019-08-24",14
G82118,"2019-07-28","2019-08-24",14
G82126,"2019-04-21","2019-05-04",14
G82141,"2019-05-26","2019-06-08",14
G82142,"2019-06-30","2019-07-06",7
G82155,"2019-05-19","2019-06-01",14
G82170,"2019-04-21","2019-05-04",14
G82198,"2019-07-28","2019-08-24",14
G82622,"2019-05-26","2019-06-08",14
G82665,"2019-08-18","2019-08-24",7
G82687,"2019-05-26","2019-06-08",14
G82698,"2019-09-08","2019-09-28",21
G82757,"2019-07-28","2019-08-03",7
G82790,"2019-05-26","2019-06-08",14
G82791,"2019-05-26","2019-06-08",14
G82799,"2019-07-28","2019-08-24",14
G82820,"2019-09-08","2019-09-28",21
G83001,"2019-04-21","2019-05-04",14
G83006,"2019-05-19","2019-06-01",14
G83010,"2019-05-26","2019-06-08",14
G84001,"2019-09-08","2019-09-28",21
G84011,"2019-09-22","2019-09-28",7
G84013,"2019-09-08","2019-09-28",21
G84030,"2019-09-08","2019-09-28",21
G84604,"2019-06-30","2019-07-06",7
G85002,"2019-09-22","2019-09-28",7
G85003,"2019-09-08","2019-09-28",21
G85015,"2019-09-22","2019-09-28",7
G85016,"2019-08-18","2019-08-24",7
G85023,"2019-04-21","2019-05-04",14
G85025,"2019-07-28","2019-08-24",14
G85034,"2019-04-21","2019-05-04",14
G85047,"2019-04-21","2019-05-04",14
G85048,"2019-07-28","2019-08-03",7
G85051,"2019-05-26","2019-06-08",14
G85065,"2019-04-21","2019-05-04",14
G85076,"2019-04-21","2019-05-04",14
G85084,"2019-04-21","2019-05-04",14
G85091,"2019-04-21","2019-05-04",14
G85102,"2019-09-08","2019-09-28",21
G85118,"2019-05-26","2019-06-08",14
G85129,"2019-07-28","2019-08-24",14
G85138,"2019-05-19","2019-06-01",14
G85633,"2019-04-21","2019-05-04",14
G85695,"2019-05-19","2019-06-01",14
G85721,"2019-05-26","2019-06-08",14
G85726,"2019-09-22","2019-09-28",7
G85727,"2019-09-08","2019-09-28",21
H81005,"2019-09-22","2019-09-28",7
H81019,"2019-09-22","2019-09-28",7
H81023,"2019-07-28","2019-08-24",14
H81027,"2019-06-30","2019-07-06",7
H81031,"2019-06-30","2019-07-06",7
H81035,"2019-09-08","2019-09-28",21
H81040,"2019-09-08","2019-09-28",21
H81043,"2019-04-21","2019-05-04",14
H81047,"2019-08-18","2019-08-24",7
H81055,"2019-09-08","2019-09-28",21
H81066,"2019-09-22","2019-09-28",7
H81067,"2019-09-22","2019-09-28",7
H81069,"2019-05-26","2019-06-08",14
H81073,"2019-09-22","2019-09-28",7
H81076,"2019-09-22","2019-09-28",7
H81078,"2019-05-19","2019-06-01",14
H81081,"2019-04-21","2019-05-04",14
H81082,"2019-05-19","2019-06-01",14
H81083,"2019-08-18","2019-08-24",7
H81089,"2019-06-30","2019-07-06",7
H81103,"2019-04-01","2019-04-06",6
H81107,"2019-07-28","2019-08-24",14
H81110,"2019-04-21","2019-05-04",14
H81122,"2019-05-26","2019-06-08",14
H81129,"2019-04-21","2019-05-04",14
H81130,"2019-08-18","2019-08-24",7
H81132,"2019-08-18","2019-08-24",7
H81615,"2019-07-28","2019-08-24",14
H81658,"2019-05-19","2019-06-01",14
H82003,"2019-06-30","2019-07-06",7
H82021,"2019-05-18","2019-09-30",136
H82023,"2019-04-21","2019-05-04",14
H82040,"2019-04-21","2019-05-04",14
H82043,"2019-04-27","2019-07-27",92
H82048,"2019-05-25","2019-08-31",99
H82050,"2019-09-22","2019-09-28",7
H82056,"2019-06-30","2019-07-06",7
H82061,"2019-05-19","2019-06-01",14
H82065,"2019-07-28","2019-08-03",7
H82076,"2019-07-28","2019-08-03",7
H82083,"2019-09-22","2019-09-28",7
H82084,"2019-05-19","2019-06-01",14
H82091,"2019-07-28","2019-08-03",7
H82621,"2019-07-28","2019-08-03",7
H83001,"2019-08-18","2019-08-24",7
H83006,"2019-06-30","2019-07-06",7
H83009,"2019-08-18","2019-08-24",7
H83023,"2019-09-08","2019-09-28",21
H83029,"2019-08-18","2019-08-24",7
H83030,"2019-07-28","2019-08-03",7
H83043,"2019-07-28","2019-08-24",14
H83044,"2019-08-18","2019-08-24",7
H83049,"2019-07-28","2019-08-24",14
H83053,"2019-07-28","2019-08-03",7
H83625,"2019-04-21","2019-05-04",14
H83631,"2019-07-28","2019-08-24",14
H84016,"2019-09-22","2019-09-28",7
H84031,"2019-08-18","2019-08-24",7
H84042,"2019-06-30","2019-07-06",7
H84050,"2019-07-28","2019-08-24",14
H84051,"2019-08-18","2019-08-24",7
H84053,"2019-09-22","2019-09-28",7
H84061,"2019-06-30","2019-07-06",7
H84629,"2019-09-22","2019-09-28",7
H84633,"2019-09-08","2019-09-28",21
H85023,"2019-08-18","2019-08-24",7
H85028,"2019-05-26","2019-06-08",14
H85030,"2019-09-08","2019-09-28",21
H85032,"2019-08-18","2019-08-24",7
H85038,"2019-07-28","2019-08-24",14
H85039,"2019-09-22","2019-09-28",7
H85048,"2019-07-28","2019-08-24",14
H85051,"2019-06-30","2019-07-06",7
H85055,"2019-06-30","2019-07-06",7
H85057,"2019-06-30","2019-07-06",7
H85065,"2019-04-21","2019-05-04",14
H85077,"2019-04-21","2019-05-04",14
H85088,"2019-05-19","2019-06-01",14
H85101,"2019-07-28","2019-08-03",7
H85110,"2019-07-28","2019-08-03",7
H85111,"2019-09-22","2019-09-28",7
H85649,"2019-07-28","2019-08-24",14
H85656,"2019-09-08","2019-09-28",21
H85659,"2019-05-19","2019-06-01",14
J81002,"2019-05-04","2019-08-03",92
J81018,"2019-04-20","2019-07-20",92
J81030,"2019-05-25","2019-08-31",99
J81045,"2019-04-01","2019-09-30",169
J81059,"2019-07-20","2019-09-30",73
J81061,"2019-06-15","2019-09-21",99
J81067,"2019-06-08","2019-09-07",92
J81616,"2019-05-19","2019-06-01",14
J82012,"2019-06-30","2019-07-06",7
J82017,"2019-09-08","2019-09-28",21
J82021,"2019-04-21","2019-05-04",14
J82032,"2019-04-21","2019-05-04",14
J82035,"2019-06-30","2019-07-06",7
J82044,"2019-07-28","2019-08-24",14
J82049,"2019-09-22","2019-09-28",7
J82053,"2019-06-30","2019-07-06",7
J82059,"2019-04-21","2019-05-04",14
J82063,"2019-05-19","2019-06-01",14
J82064,"2019-07-28","2019-08-24",14
J82082,"2019-07-28","2019-08-24",14
J82084,"2019-05-19","2019-06-01",14
J82092,"2019-05-26","2019-06-08",14
J82097,"2019-07-28","2019-08-24",14
J82103,"2019-06-30","2019-07-06",7
J82116,"2019-09-08","2019-09-28",21
J82130,"2019-07-28","2019-08-24",14
J82136,"2019-07-28","2019-08-24",14
J82138,"2019-05-19","2019-06-01",14
J82141,"2019-05-19","2019-06-01",14
J82145,"2019-09-08","2019-09-28",21
J82146,"2019-09-22","2019-09-28",7
J82161,"2019-06-05","2019-06-08",4
J82167,"2019-05-26","2019-06-08",14
J82196,"2019-09-22","2019-09-28",7
J82220,"2019-05-26","2019-06-08",14
J82633,"2019-05-26","2019-06-08",14
J82634,"2019-05-19","2019-06-01",14
J83033,"2019-04-01","2019-04-06",6
J83038,"2019-09-07","2019-09-30",24
J83058,"2019-05-26","2019-06-08",14
J83059,"2019-09-28","2019-09-30",3
J83644,"2019-09-22","2019-09-28",7
K81018,"2019-08-18","2019-08-24",7
K81022,"2019-09-08","2019-09-28",21
K81026,"2019-04-21","2019-05-04",14
K81028,"2019-09-22","2019-09-28",7
K81039,"2019-08-18","2019-08-24",7
K81050,"2019-08-18","2019-08-24",7
K81051,"2019-05-19","2019-06-01",14
K81056,"2019-05-26","2019-06-08",14
K81605,"2019-09-08","2019-09-28",21
K81638,"2019-05-26","2019-06-01",7
K82007,"2019-09-22","2019-09-28",7
K82012,"2019-05-26","2019-06-08",14
K82020,"2019-08-18","2019-08-24",7
K82024,"2019-05-26","2019-06-08",14
K82030,"2019-05-19","2019-06-01",14
K82035,"2019-05-26","2019-06-08",14
K82042,"2019-07-28","2019-08-03",7
K82044,"2019-06-30","2019-07-06",7
K82045,"2019-04-21","2019-05-04",14
K82047,"2019-05-19","2019-06-01",14
K82048,"2019-07-28","2019-08-24",14
K82049,"2019-05-17","2019-06-21",36
K82068,"2019-06-30","2019-07-06",7
K82618,"2019-05-26","2019-06-08",14
K83033,"2019-09-14","2019-09-30",17
K83044,"2019-09-22","2019-09-28",7
K83056,"2019-06-30","2019-07-06",7
K83065,"2019-07-28","2019-08-24",14
K83070,"2019-04-21","2019-05-04",14
K84001,"2019-07-28","2019-08-03",7
K84010,"2019-05-19","2019-06-01",14
K84012,"2019-04-27","2019-08-03",92
K84013,"2019-09-22","2019-09-28",7
K84016,"2019-05-19","2019-06-01",14
K84030,"2019-07-28","2019-08-24",14
K84031,"2019-05-19","2019-06-01",14
K84032,"2019-08-18","2019-08-24",7
K84033,"2019-05-26","2019-06-08",14
K84036,"2019-05-26","2019-06-08",14
K84040,"2019-05-26","2019-06-01",7
K84046,"2019-05-26","2019-06-01",7
K84051,"2019-09-22","2019-09-28",7
K84055,"2019-08-18","2019-08-24",7
K84059,"2019-09-22","2019-09-28",7
K84060,"2019-05-26","2019-06-08",14
L81004,"2019-06-30","2019-07-06",7
L81007,"2019-07-28","2019-08-24",14
L81013,"2019-04-21","2019-05-04",14
L81014,"2019-05-26","2019-06-01",7
L81017,"2019-05-26","2019-06-08",14
L81027,"2019-04-01","2019-06-01",62
L81028,"2019-08-18","2019-08-24",7
L81030,"2019-07-28","2019-08-24",14
L81033,"2019-06-30","2019-07-06",7
L81036,"2019-09-22","2019-09-28",7
L81050,"2019-05-26","2019-06-08",14
L81061,"2019-08-18","2019-08-24",7
L81064,"2019-05-04","2019-08-10",99
L81066,"2019-05-19","2019-06-01",14
L81072,"2019-04-01","2019-06-29",90
L81082,"2019-06-30","2019-07-06",7
L81103,"2019-05-26","2019-06-01",7
L81120,"2019-06-30","2019-07-06",7
L81122,"2019-05-19","2019-09-30",87
L81125,"2019-05-26","2019-06-08",14
L81127,"2019-05-26","2019-06-01",7
L81133,"2019-09-22","2019-09-28",7
L81134,"2019-05-26","2019-06-08",14
L81642,"2019-04-21","2019-05-04",14
L81649,"2019-09-22","2019-09-28",7
L82008,"2019-04-01","2019-06-01",62
L82050,"2019-09-22","2019-09-28",7
L82617,"2019-04-01","2019-04-06",6
L83013,"2019-05-19","2019-06-01",14
L83030,"2019-04-01","2019-06-29",90
L83049,"2019-08-18","2019-08-24",7
L83071,"2019-08-18","2019-08-24",7
L83072,"2019-06-30","2019-07-06",7
L83073,"2019-08-31","2019-09-30",31
L83087,"2019-09-08","2019-09-28",21
L83131,"2019-08-18","2019-08-24",7
L83146,"2019-05-26","2019-06-08",14
L84011,"2019-06-30","2019-07-06",7
L84012,"2019-09-22","2019-09-28",7
L84032,"2019-05-19","2019-06-08",21
L84038,"2019-06-30","2019-07-06",7
L84067,"2019-07-28","2019-08-24",14
L84071,"2019-07-28","2019-08-24",14
L84075,"2019-04-01","2019-05-04",34
L85006,"2019-05-26","2019-06-01",7
L85008,"2019-05-26","2019-06-08",14
L85009,"2019-07-28","2019-08-24",14
L85018,"2019-04-01","2019-04-06",6
L85020,"2019-05-26","2019-06-08",14
L85026,"2019-09-08","2019-09-28",21
L85027,"2019-09-08","2019-09-28",21
L85031,"2019-09-08","2019-09-28",21
L85032,"2019-05-19","2019-06-01",14
L85035,"2019-09-22","2019-09-28",7
L85036,"2019-08-18","2019-08-24",7
L85042,"2019-06-30","2019-07-06",7
L85046,"2019-05-26","2019-06-08",14
L85050,"2019-06-30","2019-07-06",7
L85053,"2019-07-28","2019-08-03",7
L85061,"2019-09-08","2019-09-28",21
L85064,"2019-05-19","2019-06-01",14
L85601,"2019-09-22","2019-09-28",7
L85612,"2019-08-18","2019-08-24",7
M81005,"2019-07-28","2019-08-03",7
M81012,"2019-07-28","2019-08-03",7
M81018,"2019-05-26","2019-06-08",14
M81021,"2019-08-18","2019-08-24",7
M81033,"2019-09-08","2019-09-28",21
M81049,"2019-08-18","2019-08-24",7
M81061,"2019-05-26","2019-06-08",14
M81066,"2019-04-21","2019-05-04",14
M81070,"2019-04-21","2019-05-04",14
M81073,"2019-09-08","2019-09-28",21
M81074,"2019-05-19","2019-06-01",14
M81077,"2019-07-28","2019-08-03",7
M81082,"2019-04-21","2019-05-04",14
M81089,"2019-05-26","2019-06-08",14
M82003,"2019-07-28","2019-08-03",7
M82004,"2019-09-22","2019-09-28",7
M82011,"2019-06-30","2019-07-06",7
M82012,"2019-05-26","2019-06-01",7
M82017,"2019-06-30","2019-07-06",7
M82018,"2019-06-30","2019-07-06",7
M82019,"2019-04-21","2019-05-04",14
M82020,"2019-05-19","2019-06-01",14
M82033,"2019-05-26","2019-06-08",14
M82038,"2019-07-28","2019-08-24",14
M82039,"2019-04-01","2019-04-06",6
M82058,"2019-07-28","2019-08-03",7
M83007,"2019-09-22","2019-09-28",7
M83010,"2019-05-26","2019-06-08",14
M83013,"2019-08-18","2019-08-24",7
M83014,"2019-05-26","2019-06-01",7
M83016,"2019-04-01","2019-04-06",6
M83023,"2019-07-28","2019-08-24",14
M83025,"2019-07-28","2019-08-24",14
M83027,"2019-05-26","2019-06-01",7
M83030,"2019-04-21","2019-05-04",14
M83035,"2019-05-26","2019-06-01",7
M83038,"2019-04-21","2019-05-04",14
M83046,"2019-06-30","2019-07-06",7
M83049,"2019-09-22","2019-09-28",7
M83062,"2019-06-30","2019-07-06",7
M83063,"2019-07-28","2019-08-24",14
M83065,"2019-05-26","2019-06-08",14
M83069,"2019-04-21","2019-05-04",14
M83082,"2019-04-14","2019-09-07",147
M83088,"2019-05-19","2019-06-01",14
M83089,"2019-09-22","2019-09-28",7
M83092,"2019-05-26","2019-06-01",7
M83094,"2019-09-22","2019-09-28",7
M83097,"2019-09-22","2019-09-28",7
M83103,"2019-05-19","2019-06-01",14
M83110,"2019-04-21","2019-05-04",14
M83113,"2019-04-21","2019-05-04",14
M83115,"2019-09-08","2019-09-28",21
M83117,"2019-05-26","2019-06-08",14
M83125,"2019-05-26","2019-06-08",14
M83128,"2019-07-28","2019-08-03",7
M83129,"2019-06-30","2019-07-06",7
M83130,"2019-04-21","2019-05-04",14
M83132,"2019-04-21","2019-05-04",14
M83141,"2019-09-22","2019-09-28",7
M83601,"2019-07-28","2019-08-03",7
M83616,"2019-08-18","2019-08-24",7
M83623,"2019-04-21","2019-05-04",14
M83625,"2019-08-18","2019-08-24",7
M83650,"2019-04-21","2019-05-04",14
M83662,"2019-05-19","2019-06-01",14
M83665,"2019-04-27","2019-05-10",14
M83680,"2019-07-28","2019-08-03",7
M83691,"2019-08-18","2019-08-24",7
M83693,"2019-05-26","2019-06-08",14
M83705,"2019-04-21","2019-05-04",14
M83711,"2019-04-21","2019-05-04",14
M84004,"2019-09-22","2019-09-28",7
M84011,"2019-06-30","2019-07-06",7
M84021,"2019-05-19","2019-06-01",14
M84025,"2019-09-22","2019-09-28",7
M84030,"2019-05-19","2019-06-01",14
M84042,"2019-06-30","2019-07-06",7
M84064,"2019-09-08","2019-09-28",21
M85002,"2019-04-01","2019-09-30",113
M85007,"2019-05-26","2019-06-08",14
M85016,"2019-04-01","2019-09-30",169
M85019,"2019-04-21","2019-05-04",14
M85023,"2019-07-28","2019-08-03",7
M85037,"2019-06-30","2019-07-06",7
M85043,"2019-04-01","2019-04-06",6
M85048,"2019-09-22","2019-09-28",7
M85053,"2019-09-08","2019-09-28",21
M85056,"2019-05-19","2019-06-01",14
M85065,"2019-07-28","2019-08-24",14
M85069,"2019-04-01","2019-09-30",134
M85076,"2019-04-01","2019-04-06",6
M85085,"2019-04-01","2019-09-30",183
M85092,"2019-09-08","2019-09-28",21
M85094,"2019-04-21","2019-05-04",14
M85116,"2019-05-26","2019-06-08",14
M85124,"2019-04-01","2019-09-30",176
M85128,"2019-05-26","2019-06-08",14
M85136,"2019-07-28","2019-08-03",7
M85142,"2019-07-28","2019-08-24",14
M85158,"2019-08-18","2019-08-24",7
M85164,"2019-04-21","2019-05-04",14
M85174,"2019-08-18","2019-08-24",7
M85176,"2019-05-26","2019-06-01",7
M85177,"2019-09-22","2019-09-28",7
M85178,"2019-04-01","2019-09-30",141
M85611,"2019-06-30","2019-07-06",7
M85693,"2019-04-21","2019-05-04",14
M85713,"2019-07-28","2019-08-03",7
M85732,"2019-04-01","2019-04-06",6
M85733,"2019-05-19","2019-06-01",14
M85736,"2019-08-18","2019-08-24",7
M85739,"2019-09-08","2019-09-28",21
M85749,"2019-04-01","2019-09-30",183
M85766,"2019-05-26","2019-06-08",14
M85774,"2019-07-28","2019-08-03",7
M85783,"2019-05-26","2019-06-01",7
M85794,"2019-07-28","2019-08-03",7
M85797,"2019-04-01","2019-04-06",6
M85801,"2019-05-26","2019-06-01",7
M86003,"2019-05-19","2019-06-01",14
M86008,"2019-05-26","2019-06-08",14
M86018,"2019-04-21","2019-05-04",14
M86020,"2019-07-28","2019-08-24",14
M86028,"2019-05-19","2019-06-01",14
M86035,"2019-05-19","2019-06-01",14
M86638,"2019-04-21","2019-05-04",14
M87001,"2019-09-08","2019-09-28",21
M87005,"2019-05-19","2019-06-01",14
M87009,"2019-05-19","2019-06-01",14
M87021,"2019-07-28","2019-08-24",14
M87024,"2019-07-28","2019-08-03",7
M87027,"2019-05-26","2019-06-08",14
M87028,"2019-04-01","2019-04-06",6
M87030,"2019-05-26","2019-06-01",7
M87617,"2019-05-19","2019-06-01",14
M87618,"2019-05-26","2019-06-01",7
M87623,"2019-05-26","2019-06-08",14
M87628,"2019-05-26","2019-06-08",14
M87638,"2019-04-01","2019-04-06",6
M88002,"2019-04-01","2019-09-30",183
M88635,"2019-05-26","2019-06-08",14
M88646,"2019-09-08","2019-09-28",21
M89021,"2019-09-08","2019-09-28",21
M89028,"2019-05-26","2019-06-08",14
M91015,"2019-07-28","2019-08-03",7
M91616,"2019-07-28","2019-08-24",14
M91619,"2019-05-26","2019-06-08",14
M91621,"2019-05-26","2019-06-08",14
M91628,"2019-04-21","2019-05-04",14
M91637,"2019-05-19","2019-06-01",14
M91659,"2019-07-28","2019-08-03",7
M92011,"2019-07-28","2019-08-24",14
M92013,"2019-06-30","2019-07-06",7
M92015,"2019-07-28","2019-08-03",7
M92044,"2019-06-30","2019-07-06",7
M92640,"2019-05-26","2019-06-08",14
N81002,"2019-09-08","2019-09-28",21
N81006,"2019-05-26","2019-06-08",14
N81009,"2019-05-26","2019-06-08",14
N81021,"2019-06-30","2019-07-06",7
N81022,"2019-04-21","2019-05-04",14
N81024,"2019-09-22","2019-09-28",7
N81027,"2019-09-08","2019-09-28",21
N81030,"2019-07-28","2019-08-24",14
N81034,"2019-09-22","2019-09-28",7
N81035,"2019-05-19","2019-06-01",14
N81045,"2019-08-18","2019-08-24",7
N81054,"2019-09-08","2019-09-28",21
N81071,"2019-05-19","2019-06-01",14
N81077,"2019-07-28","2019-08-24",14
N81081,"2019-05-26","2019-06-08",14
N81082,"2019-09-08","2019-09-28",21
N81085,"2019-07-28","2019-08-24",14
N81092,"2019-05-26","2019-06-08",14
N81101,"2019-05-19","2019-06-01",14
N81112,"2019-05-26","2019-06-08",14
N81115,"2019-08-18","2019-08-24",7
N81118,"2019-04-21","2019-05-04",14
N81123,"2019-05-19","2019-06-01",14
N81626,"2019-05-19","2019-06-01",14
N82001,"2019-05-26","2019-06-01",7
N82003,"2019-08-18","2019-08-24",7
N82011,"2019-08-18","2019-08-24",7
N82014,"2019-07-28","2019-08-03",7
N82022,"2019-09-22","2019-09-28",7
N82036,"2019-05-26","2019-06-08",14
N82037,"2019-09-22","2019-09-28",7
N82053,"2019-04-21","2019-05-04",14
N82065,"2019-06-30","2019-07-06",7
N82066,"2019-05-26","2019-06-08",14
N82074,"2019-04-21","2019-05-04",14
N82079,"2019-04-21","2019-05-04",14
N82087,"2019-07-28","2019-08-24",14
N82092,"2019-08-18","2019-08-24",7
N82101,"2019-05-26","2019-06-08",14
N82106,"2019-04-21","2019-05-04",14
N82108,"2019-05-26","2019-06-08",14
N82110,"2019-05-19","2019-06-01",14
N82113,"2019-08-18","2019-08-24",7
N82623,"2019-06-30","2019-07-06",7
N82641,"2019-09-22","2019-09-28",7
N82646,"2019-06-30","2019-07-06",7
N82648,"2019-05-26","2019-06-08",14
N82650,"2019-05-26","2019-06-01",7
N82663,"2019-09-08","2019-09-28",21
N82669,"2019-08-18","2019-08-24",7
N83001,"2019-05-26","2019-06-08",14
N83005,"2019-08-18","2019-08-24",7
N83012,"2019-08-18","2019-08-24",7
N83017,"2019-05-26","2019-06-01",7
N83018,"2019-09-08","2019-09-28",21
N83020,"2019-08-18","2019-08-24",7
N83030,"2019-04-01","2019-04-06",6
N83031,"2019-07-28","2019-08-03",7
N83032,"2019-05-26","2019-06-01",7
N83033,"2019-09-08","2019-09-28",21
N83041,"2019-08-18","2019-08-24",7
N83049,"2019-06-30","2019-07-06",7
N83055,"2019-05-26","2019-06-08",14
N83601,"2019-05-26","2019-06-08",14
N83609,"2019-05-26","2019-06-01",7
N84001,"2019-05-19","2019-06-01",14
N84004,"2019-07-28","2019-08-24",14
N84013,"2019-07-28","2019-08-03",7
N84025,"2019-06-30","2019-07-06",7
N84027,"2019-04-21","2019-05-04",14
N84038,"2019-05-19","2019-06-01",14
N84625,"2019-05-19","2019-06-01",14
N85009,"2019-07-28","2019-08-24",14
N85012,"2019-09-08","2019-09-28",21
N85013,"2019-05-26","2019-06-08",14
N85015,"2019-09-08","2019-09-28",21
N85016,"2019-05-26","2019-06-08",14
N85024,"2019-04-21","2019-05-04",14
N85027,"2019-09-08","2019-09-28",21
N85034,"2019-09-22","2019-09-28",7
N85051,"2019-05-19","2019-06-01",14
N85052,"2019-07-28","2019-08-24",14
N85629,"2019-05-26","2019-06-08",14
P81002,"2019-05-26","2019-06-01",7
P81008,"2019-05-19","2019-06-01",14
P81020,"2019-09-22","2019-09-28",7
P81039,"2019-08-18","2019-08-24",7
P81040,"2019-07-28","2019-08-24",14
P81042,"2019-05-19","2019-06-01",14
P81061,"2019-06-30","2019-07-06",7
P81062,"2019-06-30","2019-07-06",7
P81077,"2019-09-08","2019-09-28",21
P81083,"2019-07-28","2019-08-24",14
P81086,"2019-04-21","2019-05-04",14
P81087,"2019-04-21","2019-05-04",14
P81115,"2019-09-08","2019-09-28",21
P81123,"2019-09-22","2019-09-28",7
P81128,"2019-09-08","2019-09-28",21
P81146,"2019-04-21","2019-05-04",14
P81149,"2019-04-21","2019-05-04",14
P81157,"2019-09-22","2019-09-28",7
P81160,"2019-04-21","2019-05-04",14
P81165,"2019-06-30","2019-07-06",7
P81167,"2019-06-30","2019-07-06",7
P81185,"2019-09-22","2019-09-28",7
P81196,"2019-09-08","2019-09-28",21
P81204,"2019-04-21","2019-05-04",14
P81646,"2019-05-26","2019-06-08",14
P81677,"2019-06-30","2019-07-06",7
P81683,"2019-09-22","2019-09-28",7
P81685,"2019-09-08","2019-09-28",21
P81687,"2019-06-30","2019-07-06",7
P81726,"2019-06-30","2019-07-06",7
P81730,"2019-04-21","2019-05-04",14
P81731,"2019-07-28","2019-08-03",7
P81738,"2019-07-28","2019-08-24",14
P81755,"2019-05-26","2019-06-08",14
P81770,"2019-05-26","2019-06-08",14
P81778,"2019-04-21","2019-05-04",14
P82009,"2019-09-22","2019-09-28",7
P82011,"2019-05-26","2019-06-08",14
P82616,"2019-05-19","2019-06-01",14
P82643,"2019-07-28","2019-08-24",14
P84010,"2019-05-26","2019-06-08",14
P84022,"2019-05-19","2019-06-01",14
P84025,"2019-05-26","2019-06-08",14
P84026,"2019-08-18","2019-08-24",7
P84033,"2019-08-18","2019-08-24",7
P84041,"2019-09-08","2019-09-28",21
P84045,"2019-08-18","2019-08-24",7
P84048,"2019-09-08","2019-09-28",21
P84049,"2019-05-26","2019-06-01",7
P84053,"2019-05-26","2019-06-01",7
P84056,"2019-05-26","2019-06-08",14
P84065,"2019-04-21","2019-05-04",14
P84067,"2019-07-28","2019-08-24",14
P84068,"2019-08-18","2019-08-24",7
P84071,"2019-05-26","2019-06-08",14
P84616,"2019-05-19","2019-06-01",14
P84630,"2019-04-21","2019-05-04",14
P84639,"2019-05-26","2019-06-01",7
P84644,"2019-07-28","2019-08-03",7
P84669,"2019-07-28","2019-08-24",14
P84678,"2019-05-19","2019-06-01",14
P84683,"2019-06-30","2019-07-06",7
P85002,"2019-05-26","2019-06-08",14
P85008,"2019-06-30","2019-07-06",7
P85026,"2019-07-28","2019-08-03",7
P85605,"2019-07-28","2019-08-03",7
P85612,"2019-05-26","2019-06-08",14
P85614,"2019-05-19","2019-06-01",14
P85622,"2019-04-21","2019-05-04",14
P86016,"2019-05-19","2019-06-01",14
P86019,"2019-04-01","2019-04-06",6
P86606,"2019-04-01","2019-04-06",6
P87017,"2019-05-19","2019-06-08",21
P87613,"2019-05-19","2019-06-08",21
P87627,"2019-05-26","2019-06-08",14
P87649,"2019-05-19","2019-06-01",14
P88003,"2019-05-26","2019-06-08",14
P88013,"2019-05-26","2019-06-08",14
P88018,"2019-05-26","2019-06-08",14
P88023,"2019-04-01","2019-04-06",6
P88606,"2019-05-26","2019-06-08",14
P89008,"2019-07-28","2019-08-03",7
P89013,"2019-05-19","2019-06-01",14
P89018,"2019-05-26","2019-06-08",14
P89021,"2019-05-26","2019-06-08",14
P89029,"2019-08-18","2019-08-24",7
P89602,"2019-08-18","2019-08-24",7
P91003,"2019-09-08","2019-09-28",21
P91004,"2019-05-19","2019-06-01",14
P91008,"2019-04-21","2019-05-04",14
P91013,"2019-07-28","2019-08-24",14
P91016,"2019-05-19","2019-06-01",14
P91017,"2019-04-21","2019-05-04",14
P91021,"2019-05-19","2019-06-01",14
P91029,"2019-04-21","2019-05-04",14
P91032,"2019-07-28","2019-08-03",7
P91603,"2019-05-19","2019-06-08",21
P91604,"2019-04-21","2019-05-04",14
P91615,"2019-04-21","2019-05-04",14
P92004,"2019-07-28","2019-08-03",7
P92621,"2019-05-26","2019-06-08",14
P92637,"2019-05-19","2019-06-01",14
Y00057,"2019-04-21","2019-05-04",14
Y00080,"2019-06-30","2019-07-06",7
Y00212,"2019-04-21","2019-05-04",14
Y00471,"2019-05-19","2019-06-01",14
Y00475,"2019-04-21","2019-05-04",14
Y00492,"2019-08-18","2019-08-24",7
Y00726,"2019-07-28","2019-08-24",14
Y00774,"2019-04-01","2019-04-20",20
Y00996,"2019-04-21","2019-05-04",14
Y01839,"2019-05-19","2019-06-01",14
Y01929,"2019-07-28","2019-08-03",7
Y02414,"2019-06-14","2019-07-12",29
Y02423,"2019-06-30","2019-07-06",7
Y02476,"2019-05-19","2019-06-01",14
Y02510,"2019-05-19","2019-06-01",14
Y02517,"2019-05-26","2019-06-08",14
Y02594,"2019-06-30","2019-07-06",7
Y02606,"2019-09-22","2019-09-28",7
Y02713,"2019-09-22","2019-09-28",7
Y02754,"2019-08-18","2019-08-24",7
Y02757,"2019-07-21","2019-07-26",6
Y02928,"2019-09-08","2019-09-28",21
Y02960,"2019-05-26","2019-06-08",14
Y02961,"2019-05-26","2019-06-08",14
Y02987,"2019-05-19","2019-06-01",14
Y03035,"2019-05-26","2019-06-08",14
Y03049,"2019-09-08","2019-09-28",21
Y03051,"2019-05-26","2019-06-08",14
Y03656,"2019-09-08","2019-09-28",21
Y04951,"2019-05-19","2019-06-01",14
Y04952,"2019-04-21","2019-05-04",14
Y04965,"2019-07-28","2019-08-03",7
Y05248,"2019-04-01","2019-06-01",48
Y05788,"2019-05-19","2019-06-01",14
